3982,狩猎,1057439736,B009EJN4T2,https://img3.doubanio.com/view/photo/s_ratio_poster/public/p1546987967.jpg,外设产品|鼠标|电脑/办公,富勒|鼠标|电子产品|好用|外观漂亮
6797,7号房的礼物,222621691,B002TKLK0S,https://img9.doubanio.com/view/photo/s_ratio_poster/public/p1816276065.jpg,家用电器|个人护理电器|电动剃须刀,飞利浦|剃须刀|家用电器|好用|外观漂亮
8195,蝙蝠侠：黑暗骑士崛起,1057268902,B004W5MVL0,https://img9.doubanio.com/view/photo/s_ratio_poster/public/p1706428744.jpg,存储设备|存储卡|电脑/办公,存储卡|金士顿|SD卡|容量挺大的|速度快|好用
13316,甜蜜蜜,1057268378,B003TJ99M4,https://img9.doubanio.com/view/photo/s_ratio_poster/public/p2223011274.jpg,存储设备|U盘|电脑/办公,优盘|金士顿|好用|容量挺大的|速度快
13543,被嫌弃的松子的一生,832519402,B0047Y19CI,https://img9.doubanio.com/view/photo/s_ratio_poster/public/p884763596.jpg,青春文学|文学艺术|图书音像,蔡康永|写的真好|不贵|内容不错|书
14103,爱在黎明破晓前,1057268902,B007WTAJTO,https://img9.doubanio.com/view/photo/s_ratio_poster/public/p2555762374.jpg,存储设备|存储卡|电脑/办公,存储卡|SD卡|容量挺大的|闪迪|速度快|好用
21643,超能陆战队,916502352,B0010MBKHO,https://img1.doubanio.com/view/photo/s_ratio_poster/public/p2224568669.jpg,男士乳液/面霜|男士护肤|美妆个护,好用|护肤品|到货速度快|欧莱雅
32512,第六感,933833289,B001GNBOTG,https://img9.doubanio.com/view/photo/s_ratio_poster/public/p2220184425.jpg,杯具/水壶|厨房/餐具|家居生活,水壶|好用|乐扣乐扣|到货速度快|质量好
33864,寄生虫,1057268378,B003STDEG2,https://img1.doubanio.com/view/photo/s_ratio_poster/public/p2561439800.jpg,存储设备|U盘|电脑/办公,办公用品|优盘|必恩威|容量挺大的|速度快
48907,重庆森林,916451406,B001CC1VVC,https://img2.doubanio.com/view/photo/s_ratio_poster/public/p792381411.jpg,洁面|面部护理|美妆个护,好用|女士专用|洗脸用的|到货速度快
57272,入殓师,832519402,B00AQT8SPE,https://img9.doubanio.com/view/photo/s_ratio_poster/public/p2707581855.jpg,青春文学|文学艺术|图书音像,好看|内容丰富|书|青春文学|小说|励志|不贵|内容不错
62138,爱在日落黄昏时,1057268814,B007S9KS26,https://img1.doubanio.com/view/photo/s_ratio_poster/public/p2561542458.jpg,存储设备|移动硬盘|电脑/办公,WD|西部数据|硬盘|容量挺大的|速度快|好用
66003,请以你的名字呼唤我,1128640304,B003V8AK58,https://img1.doubanio.com/view/photo/s_ratio_poster/public/p2505525050.jpg,手机|手机通讯|手机/数码,通话质量好|诺基亚没得说|诺基亚|手机|到货速度快|好用
75701,幽灵公主,832151305,B002NX0H3C,https://img9.doubanio.com/view/photo/s_ratio_poster/public/p1613191025.jpg,经管类图书|成功/励志|图书音像,书|经管类|励志|李开复|写的很好|内容不错
90564,剪刀手爱德华,832723221,B0011F7CXQ,https://img3.doubanio.com/view/photo/s_ratio_poster/public/p480956937.jpg,政治/军事|人文社科类图书|图书音像,书|小说|文学作品|村上春树|日本文学|好看|内容不错|村上什么时候拿诺贝尔奖
90897,断背山,916416553,B0018LW0TE,https://img1.doubanio.com/view/photo/s_ratio_poster/public/p2154212680.jpg,彩妆|香水|美妆个护,化妆品|伊丽莎白|香水|绿茶味|好用|到货速度快|用起来很舒服
102383,勇敢的心,832151934,B003F25VPY,https://img1.doubanio.com/view/photo/s_ratio_poster/public/p2004174709.jpg,经管类图书|图书音像|投资理财,书|经管类|励志|鸡汤|好看|到货速度快
102886,菊次郎的夏天,832665121,B0043M5BKU,https://img9.doubanio.com/view/photo/s_ratio_poster/public/p2620392435.jpg,旅游/地图|生活类图书|图书音像,书|旅行|背包客必看|好看|励志|内容不错
104168,借东西的小人阿莉埃蒂,83211011086,B00BSJVKTW,https://img9.doubanio.com/view/photo/s_ratio_poster/public/p617533616.jpg,图书音像|少儿|少儿/教育图书,书|教育类|少儿图书|好看|很有教育意义|内容不错
109236,未麻的部屋,832519402,B00AE3BSSQ,https://img3.doubanio.com/view/photo/s_ratio_poster/public/p1351050722.jpg,青春文学|文学艺术|图书音像,青春文学|书|内容不错|好看|鸡汤
116405,消失的爱人,83211011086,B0011APV4I,https://img9.doubanio.com/view/photo/s_ratio_poster/public/p2221768894.jpg,图书音像|少儿|少儿/教育图书,书|励志|经管类|鸡汤|内容不错
119166,无人知晓,1057390956,B00815793M,https://img3.doubanio.com/view/photo/s_ratio_poster/public/p661160053.jpg,网络设备|网卡|电脑/办公,网卡|电子产品|TP-LINK|无线网卡|质量不错|到货速度快
122417,时空恋旅人,832723396,B003YYSFRY,https://img9.doubanio.com/view/photo/s_ratio_poster/public/p2070153774.jpg,哲学/宗教|人文社科类图书|图书音像,哲学类|书|小说|米兰昆德拉|媚俗|好看|看不懂
126767,哈利·波特与火焰杯,571326327,B0010LCZCE,https://img9.doubanio.com/view/photo/s_ratio_poster/public/p2913456904.jpg,灯具|台灯|家具/家装/建材,灯具|家具|飞利浦|外观漂亮|到货速度快
127544,倩女幽魂,916722171,B001CBWAR2,https://img9.doubanio.com/view/photo/s_ratio_poster/public/p2414157745.jpg,沐浴露|身体护理|美妆个护,沐浴露|可悠然|好用|用起来很舒服
138554,完美的世界,83211011086,B003BNZV2K,https://img1.doubanio.com/view/photo/s_ratio_poster/public/p2190556408.jpg,图书音像|少儿|少儿/教育图书,书|少儿图书|教育类|励志|鸡汤|好看|内容不错
139060,阳光灿烂的日子,916451406,B003XCMF4Q,https://img9.doubanio.com/view/photo/s_ratio_poster/public/p2564685215.jpg,洁面|面部护理|美妆个护,洗面奶|化妆品|露得清|好用|用起来很舒服|到货速度快
145218,茶馆,83266545,B0055X675Y,https://img9.doubanio.com/view/photo/s_ratio_poster/public/p2528965424.jpg,亲子/家教|生活类图书|图书音像,书|教育类|写的很好|尹建莉老师的书真好|很有启发|到货速度快|有破损
154318,天使爱美丽,916451406,B001LRQS3E,https://img3.doubanio.com/view/photo/s_ratio_poster/public/p2447590313.jpg,洁面|面部护理|美妆个护,化妆品|洗面奶|面部护理|用起来很舒服|丝塔芙
155001,小森林 夏秋篇,222621521,B002TKLK58,https://img3.doubanio.com/view/photo/s_ratio_poster/public/p2564498893.jpg,家用电器|电吹风|个人护理电器,飞利浦|电吹风|外观漂亮|质量好|家用电器
156103,侧耳倾听,832151305,B004IYJ320,https://img3.doubanio.com/view/photo/s_ratio_poster/public/p456692072.jpg,经管类图书|成功/励志|图书音像,书|经管类|励志|鸡汤|垃圾
160597,驯龙高手,8325191,B006PB4MBQ,https://img9.doubanio.com/view/photo/s_ratio_poster/public/p2210954024.jpg,小说|文学艺术|图书音像,书|小说|文学|好看|内容不错|中国现代最好的小说|对那个时代描写很好|陈忠实的代表作
167781,新世界,1128640304,B00A327OPE,https://img1.doubanio.com/view/photo/s_ratio_poster/public/p1903379979.jpg,手机|手机通讯|手机/数码,摩托罗拉|手机|到货速度快|好用|电子产品
183418,头脑特工队,83211011086,B00A67K0A2,https://img1.doubanio.com/view/photo/s_ratio_poster/public/p2874927470.jpg,图书音像|少儿|少儿/教育图书,书|少儿图书|鸡汤|呵呵|励志|垃圾
183679,教父3,11283481119,B00CWPIDHI,https://img2.doubanio.com/view/photo/s_ratio_poster/public/p2169664351.jpg,数码影音|电纸书/电子阅览器|手机/数码,电子产品|亚马逊|电纸书|kindle|好用|到货速度快|质量好
184282,怪兽电力公司,8325191,B00HJFE7F8,https://img1.doubanio.com/view/photo/s_ratio_poster/public/p2513247938.jpg,小说|文学艺术|图书音像,书|小说|文学|很感动|哭的稀里哗啦|好看|到货速度快|内容挺好|内容不错
186429,傲慢与偏见,8325191,B004PYENZA,https://img1.doubanio.com/view/photo/s_ratio_poster/public/p2016401659.jpg,小说|文学艺术|图书音像,书|很感动|塞林格|有点颓废|小说|好看|内容不错|文学
201454,幸福终点站,83211011086,B003YJFNME,https://img3.doubanio.com/view/photo/s_ratio_poster/public/p854757687.jpg,图书音像|少儿|少儿/教育图书,书|小说|文学|很感动|哭的稀里哗啦|看了很多遍|法国
203971,一个叫欧维的男人决定去死,83266545,B008JAO9Q4,https://img3.doubanio.com/view/photo/s_ratio_poster/public/p2406624993.jpg,亲子/家教|生活类图书|图书音像,书|教育类|少儿图书|到货速度快|有破损|很有启发
204025,玩具总动员3,8325191,B008NZL98G,https://img1.doubanio.com/view/photo/s_ratio_poster/public/p1283675359.jpg,小说|文学艺术|图书音像,书|小说|文学|钱钟书|讽刺很犀利|好看|有破损
206404,小森林 冬春篇,83211011086,B001CCSZC0,https://img3.doubanio.com/view/photo/s_ratio_poster/public/p2618201652.jpg,图书音像|少儿|少儿/教育图书,书|教育类|童话|好看|内容丰富|孩子看了很喜欢
218439,色，戒,832723396,B004LI9QL6,https://img9.doubanio.com/view/photo/s_ratio_poster/public/p453716305.jpg,哲学/宗教|人文社科类图书|图书音像,书|小说|好看|垃圾|呵呵|狗血爱情
228884,被解救的姜戈,83211011086,B005DRCQZ2,https://img3.doubanio.com/view/photo/s_ratio_poster/public/p1800813767.jpg,图书音像|少儿|少儿/教育图书,书|三毛|散文|好看|励志|内容不错|还不错
231449,釜山行,832519402,B00C9U88OE,https://img1.doubanio.com/view/photo/s_ratio_poster/public/p2360940399.jpg,青春文学|文学艺术|图书音像,书|狗血|看了电影买的书|有破损|到货速度快|小说|青春文学|文学
250451,神偷奶爸,832665121,B0067WM594,https://img1.doubanio.com/view/photo/s_ratio_poster/public/p792776858.jpg,旅游/地图|生活类图书|图书音像,书|旅行|国家地理系列|好看|内容丰富
253869,萤火之森,8321101921,B003EIJPBK,https://img3.doubanio.com/view/photo/s_ratio_poster/public/p1675053073.jpg,图书音像|外语|少儿/教育图书,书|英语|词典|好用|不愧是牛津大学出的|经典|到货速度快
258451,九品芝麻官,2229641020,B0010LCLBO,https://img1.doubanio.com/view/photo/s_ratio_poster/public/p648370300.jpg,家用电器|厨房电器|酸奶机,小熊|家用电器|好用|酸奶机|到货速度快|质量好
259637,哪吒闹海,83211011086,B001UVT86K,https://img9.doubanio.com/view/photo/s_ratio_poster/public/p2532803206.jpg,图书音像|少儿|少儿/教育图书,书|少儿图书|教育类|童书|不错|孩子很喜欢
260348,告白,832665285,B0032S3VEE,https://img9.doubanio.com/view/photo/s_ratio_poster/public/p689520756.jpg,育儿/早教|生活类图书|图书音像,书|育儿类|教育类|不错|内容丰富|西尔斯
275707,喜宴,83211011086,B001O2HFL0,https://img3.doubanio.com/view/photo/s_ratio_poster/public/p2249048907.jpg,图书音像|少儿|少儿/教育图书,书|教育类|不错|内容丰富|少儿图书|好看
286997,玛丽和马克思,9164511123,B003X0BSP0,https://img9.doubanio.com/view/photo/s_ratio_poster/public/p488255145.jpg,面部护理|美妆个护|化妆水/爽肤水,化妆品|面部护理|千纤草|到货速度快|用起来很舒服
294209,模仿游戏,832723221,B00CGV0XA8,https://img3.doubanio.com/view/photo/s_ratio_poster/public/p2255040492.jpg,政治/军事|人文社科类图书|图书音像,书|军事类|政治类|好看|有破损|内容不错
300265,花样年华,1057439992,B0010LGT4E,https://img9.doubanio.com/view/photo/s_ratio_poster/public/p1910828286.jpg,外设产品|耳机/耳麦|电脑/办公,耳机|耳塞式耳机|电子产品|漫步者|外观漂亮|质量好
302217,头号玩家,916416553,B002M77ZB6,https://img3.doubanio.com/view/photo/s_ratio_poster/public/p2516578307.jpg,彩妆|香水|美妆个护,化妆品|伊丽莎白|香水|好用|很香|到货速度快
314081,大鱼,832723221,B0051T7T7W,https://img9.doubanio.com/view/photo/s_ratio_poster/public/p692813374.jpg,政治/军事|人文社科类图书|图书音像,书|军事类|政治类|时寒冰|经管类|扯淡|很有启发|好看
323519,射雕英雄传之东成西就,1057439736,B004A91ARY,https://img3.doubanio.com/view/photo/s_ratio_poster/public/p2609063922.jpg,外设产品|鼠标|电脑/办公,电子产品|鼠标|外设|质量好|雷柏|到货速度快|外观漂亮|好用
326582,七武士,9165021025,B0010MBKA6,https://img9.doubanio.com/view/photo/s_ratio_poster/public/p2215886505.jpg,男士护肤|美妆个护|男士洁面,化妆品|男士|曼秀雷敦|好用|用起来很舒服|到货速度快
333125,惊魂记,832552892,B004CTI6VU,https://img9.doubanio.com/view/photo/s_ratio_poster/public/p1021883305.jpg,音像|图书音像|有声读物,书|有声读物|青春文学|文学|小说|好看|狗血
352021,我是山姆,1128640304,B00EEUIFEK,https://img9.doubanio.com/view/photo/s_ratio_poster/public/p652417775.jpg,手机|手机通讯|手机/数码,联想|手机|质量好|联想手机还不错|好用|待机时间长
353799,血战钢锯岭,832723396,B0012UM1TU,https://img1.doubanio.com/view/photo/s_ratio_poster/public/p2398141939.jpg,哲学/宗教|人文社科类图书|图书音像,书|哲学类|励志|值得一读再读|总理推荐|很有启发
365357,阳光姐妹淘,832665566,B0036FU6FU,https://img3.doubanio.com/view/photo/s_ratio_poster/public/p1374786017.jpg,孕产/胎教|生活类图书|图书音像,书|育儿类|教育类|内容丰富|有破损|胎教类|到货速度快|孕妇必读
367460,恐怖直播,1128640304,B00CBRGTJQ,https://img9.doubanio.com/view/photo/s_ratio_poster/public/p2016930906.jpg,手机|手机通讯|手机/数码,手机|联想|待机时间长|好用|质量好
371783,你的名字。,832476739,B008JAF6HA,https://img2.doubanio.com/view/photo/s_ratio_poster/public/p2910701461.jpg,其它图书|工具书|图书音像,书|词典|好用|质量好
379243,黑客帝国3：矩阵革命,83211011116,B00116OYMW,https://img1.doubanio.com/view/photo/s_ratio_poster/public/p443461818.jpg,图书音像|少儿/教育图书|考试,书|哲学类|通俗易懂|值得一读再读
383502,三块广告牌,832665170,B00DFXFU4U,https://img9.doubanio.com/view/photo/s_ratio_poster/public/p2502943384.jpg,手工/DIY|生活类图书|图书音像,书|鸡汤|励志|很有启发|呵呵
387693,心迷宫,83211011086,B0083DP0CY,https://img9.doubanio.com/view/photo/s_ratio_poster/public/p2276780256.jpg,图书音像|少儿|少儿/教育图书,书|少儿图书|教育类|内容丰富|很有启发
406697,电锯惊魂,911572822,B0019C9KMC,https://img9.doubanio.com/view/photo/s_ratio_poster/public/p726839485.jpg,尿裤湿巾|纸尿裤/拉拉裤/纸尿片|母婴/玩具,纸尿裤|好用|花王|母婴用品|到货速度快|质量好
407523,达拉斯买家俱乐部,832552115,B00358C4WG,https://img3.doubanio.com/view/photo/s_ratio_poster/public/p2166160837.jpg,卡通|音像|图书音像,书|到货速度快|散文|刘瑜的书必须支持|有破损
407816,小丑,8321101921,B0041D9R8S,https://img9.doubanio.com/view/photo/s_ratio_poster/public/p2567198874.jpg,图书音像|外语|少儿/教育图书,书|教育类|鸡汤|励志|白岩松|演讲
410608,疯狂原始人,933833743,B0010M577S,https://img3.doubanio.com/view/photo/s_ratio_poster/public/p1867084027.jpg,保温杯/保温壶|厨房/餐具|家居生活,保温杯|哈尔斯|餐具|好用|质量好
410716,谍影重重3,8321101921,B0011685PY,https://img3.doubanio.com/view/photo/s_ratio_poster/public/p792223507.jpg,图书音像|外语|少儿/教育图书,书|教育类|日语|教材|到货速度快
425715,心灵奇旅,832519599,B00CSJ79QO,https://img1.doubanio.com/view/photo/s_ratio_poster/public/p2595591069.jpg,文学艺术|文学类|图书音像,书|散文|文学|杨绛|钱钟书|好看|很感人
437230,背靠背，脸对脸,8325191,B001J0083Y,https://img3.doubanio.com/view/photo/s_ratio_poster/public/p2505048077.jpg,小说|文学艺术|图书音像,书|散文|文学|写的不错|内容不错
438242,上帝之城,10574391064,B004KJE3OG,https://img1.doubanio.com/view/photo/s_ratio_poster/public/p455677490.jpg,外设产品|电脑/办公|电脑音箱,雅兰仕|音箱|电子产品|外观漂亮
442300,绿里奇迹,832519599,B0011BTNSM,https://img2.doubanio.com/view/photo/s_ratio_poster/public/p767586451.jpg,文学艺术|文学类|图书音像,书|文学|诗词|写的不错|好看|通俗易懂|到货速度快
442353,爱在午夜降临前,8325191,B0011BZQRO,https://img1.doubanio.com/view/photo/s_ratio_poster/public/p2074715729.jpg,小说|文学艺术|图书音像,书|文学|四大名著|罗贯中|好看|值得一读再读|传统文化|小说
443787,海街日记,222397248,B002OL1Q4C,https://img3.doubanio.com/view/photo/s_ratio_poster/public/p2603364117.jpg,家用电器|加湿/除湿器|生活电器,美的|家用电器|加湿器|外观漂亮|质量好|好用
457976,英雄本色,832723586,B00116TMWE,https://img3.doubanio.com/view/photo/s_ratio_poster/public/p2504997087.jpg,传记|人文社科类图书|图书音像,书|散文|文学|杨绛|钱钟书|好看|很感人
459600,风之谷,832665285,B00264G2IW,https://img3.doubanio.com/view/photo/s_ratio_poster/public/p1917567652.jpg,育儿/早教|生活类图书|图书音像,书|早教|教育类|育儿类|少儿图书|百科全书|内容丰富
460360,无间道2,933217224,B004323XTQ,https://img1.doubanio.com/view/photo/s_ratio_poster/public/p958008320.jpg,收纳整理|收纳|家居生活,家居生活|好用|质量好|到货速度快
469516,疯狂的石头,8321101921,B001IXR5GK,https://img3.doubanio.com/view/photo/s_ratio_poster/public/p712241453.jpg,图书音像|外语|少儿/教育图书,书|小说|文学|英语|简奥斯汀|英文小说|好看
470839,纵横四海,832519402,B003SLE38I,https://img1.doubanio.com/view/photo/s_ratio_poster/public/p2597918718.jpg,青春文学|文学艺术|图书音像,书|杂志|韩寒|文学|独唱团|好看|只出了一期|呵呵
473113,2001太空漫游,832552892,B00GLJG7R4,https://img9.doubanio.com/view/photo/s_ratio_poster/public/p2560717825.jpg,音像|图书音像|有声读物,书|小说|余华|很感人|文学|看的很压抑|写的很好
474201,雨中曲,83266545,B0011C57ZE,https://img9.doubanio.com/view/photo/s_ratio_poster/public/p1612355875.jpg,亲子/家教|生活类图书|图书音像,书|教育类|育儿类|内容丰富|很有启发
474853,卢旺达饭店,916416255,B001LK780S,https://img3.doubanio.com/view/photo/s_ratio_poster/public/p470419493.jpg,睫毛膏|彩妆|美妆个护,化妆品|睫毛膏|好用|质量好|用起来很舒服
487126,记忆碎片,832519599,B007STGNDO,https://img3.doubanio.com/view/photo/s_ratio_poster/public/p641688453.jpg,文学艺术|文学类|图书音像,书|文学|小说|好看|内容不错|到货速度快
489369,小偷家族,83211011116,B001168O1O,https://img9.doubanio.com/view/photo/s_ratio_poster/public/p2530599636.jpg,图书音像|少儿/教育图书|考试,书|词典|英语|教育类|写的不错
492579,无敌破坏王,83211011086,B007ZZ9FQ8,https://img9.doubanio.com/view/photo/s_ratio_poster/public/p1735642656.jpg,图书音像|少儿|少儿/教育图书,书|小说|文学|四大名著|值得一读再读|曹雪芹|经典|传统文化
499898,岁月神偷,832519599,B00116TCX8,https://img2.doubanio.com/view/photo/s_ratio_poster/public/p456666151.jpg,文学艺术|文学类|图书音像,书|经典|传统文化|王国维|文学|没得说
501559,冰川时代,1057439736,B004XKWWEK,https://img1.doubanio.com/view/photo/s_ratio_poster/public/p1910895719.jpg,外设产品|鼠标|电脑/办公,鼠标|双飞燕|办公用品|外设|质量好
505556,牯岭街少年杀人事件,486487706,B001XCVEQ8,https://img9.doubanio.com/view/photo/s_ratio_poster/public/p848381236.jpg,钟表/首饰/眼镜/礼品|钟表|手表,卡西欧|手表|男士|质量好|不贵
507644,荒蛮故事,8325191,B00515JQYK,https://img3.doubanio.com/view/photo/s_ratio_poster/public/p2584519452.jpg,小说|文学艺术|图书音像,书|文学|诗词|林徽因|写的不错|真好
508447,忠犬八公物语,832519402,B006GK1B0G,https://img9.doubanio.com/view/photo/s_ratio_poster/public/p2603716224.jpg,青春文学|文学艺术|图书音像,青春文学|书|小说|呵呵|郭敬明|垃圾|拜金|狗血
511015,恐怖游轮,832723221,B0011CML4Y,https://img9.doubanio.com/view/photo/s_ratio_poster/public/p462470694.jpg,政治/军事|人文社科类图书|图书音像,书|历史类|黄仁宇|政治类|军事类|值得一读再读|大历史观代表作
517740,爆裂鼓手,832519402,B005MM1VGI,https://img3.doubanio.com/view/photo/s_ratio_poster/public/p2220776342.jpg,青春文学|文学艺术|图书音像,书|青春文学|步步惊心|垃圾|狗血|呵呵|小说
520943,魔女宅急便,571165,B0011BQILW,https://img3.doubanio.com/view/photo/s_ratio_poster/public/p456676352.jpg,工艺饰品|家具/家装/建材,小说|书|好看|文学|狗血|很感人